City ID,City,Country,Lat,Lng,Max Temp,Humidity,Cloudiness,Wind Speed,Current Weather
0,Novoorsk,RU,51.381,58.9813,38.05,83,100,15.19,light rain
1,Busselton,AU,-33.65,115.3333,55.27,72,0,12.8,clear sky
2,Jamestown,US,42.097,-79.2353,56.17,49,0,5.75,clear sky
3,Kaitangata,NZ,-46.2817,169.8464,45.43,61,57,3.96,broken clouds
4,Ribeira Grande,PT,38.5167,-28.7,69.03,61,49,2.17,scattered clouds
5,San Vicente,AR,-26.6167,-54.1333,57.78,94,100,3.33,overcast clouds
6,Buraydah,SA,26.326,43.975,77.45,15,0,9.51,clear sky
7,Turangi,NZ,-39.0,175.9333,53.46,97,100,1.79,moderate rain
8,Matagami,CA,49.7502,-77.6328,57.31,44,0,10.36,clear sky
9,Hilo,US,19.7297,-155.09,92.28,69,20,10.36,few clouds
10,Cidreira,BR,-30.1811,-50.2056,60.51,67,99,13.53,overcast clouds
11,Xichang,CN,27.8964,102.2634,59.34,93,25,1.95,scattered clouds
12,Barcelos,PT,41.5388,-8.6151,60.85,87,0,7.47,clear sky
13,Punta Arenas,CL,-53.15,-70.9167,50.11,53,20,20.71,few clouds
14,Yenagoa,NG,4.9247,6.2642,74.19,95,100,3.49,light rain
15,Kahului,US,20.8947,-156.47,91.42,58,40,20.71,scattered clouds
16,Ushuaia,AR,-54.8,-68.3,46.06,66,40,23.02,scattered clouds
17,Kayes,ML,14.0,-11.0,73.94,88,100,9.04,moderate rain
18,Albany,US,42.6001,-73.9662,58.73,69,3,4.45,clear sky
19,Bethel,US,41.3712,-73.414,62.49,67,0,8.05,clear sky
20,Tuatapere,NZ,-46.1333,167.6833,43.79,72,94,3.62,overcast clouds
21,Rikitea,PF,-23.1203,-134.9692,72.66,66,0,9.24,clear sky
22,Dong Hoi,VN,17.4833,106.6,78.13,88,100,3.89,heavy intensity rain
23,Saldanha,ZA,-33.0117,17.9442,59.05,87,86,15.57,overcast clouds
24,Calvinia,ZA,-31.4707,19.776,58.87,37,71,4.7,broken clouds
25,Puerto Ayora,EC,-0.7393,-90.3518,76.96,92,59,7.0,broken clouds
26,Iralaya,HN,15.0,-83.2333,81.54,82,25,14.72,scattered clouds
27,Lebu,CL,-37.6167,-73.65,51.91,85,100,13.22,overcast clouds
28,Georgetown,MY,5.4112,100.3354,78.75,94,20,4.61,few clouds
29,Zaraza,VE,9.3503,-65.3245,77.86,88,100,0.36,overcast clouds
30,Bluff,NZ,-46.6,168.3333,46.54,50,57,5.3,broken clouds
31,Mataura,NZ,-46.1927,168.8643,45.91,61,58,1.07,broken clouds
32,Kapaa,US,22.0752,-159.319,85.98,64,40,11.5,scattered clouds
33,Luderitz,NA,-26.6481,15.1594,57.02,82,0,13.82,clear sky
34,Port Alfred,ZA,-33.5906,26.891,62.19,96,100,3.0,overcast clouds
35,Martapura,ID,-3.4167,114.85,75.29,100,75,3.44,moderate rain
36,Rorvik,NO,64.8621,11.2373,50.11,71,100,5.75,overcast clouds
37,Finspang,SE,58.7058,15.7674,45.1,97,81,3.8,broken clouds
38,Talnakh,RU,69.4865,88.3972,28.17,98,100,4.36,overcast clouds
39,Kodiak,US,57.79,-152.4072,54.91,67,100,6.91,overcast clouds
40,Saint-Philippe,RE,-21.3585,55.7679,69.39,84,54,14.65,light rain
41,Nanortalik,GL,60.1432,-45.2371,40.69,92,92,15.57,overcast clouds
42,San Cristobal,VE,7.7669,-72.225,78.98,66,78,2.91,broken clouds
43,Sarangani,PH,5.4033,125.4636,83.8,73,93,15.66,overcast clouds
44,Ilulissat,GL,69.2167,-51.1,35.62,87,75,0.0,broken clouds
45,Ixtapa,MX,20.7,-105.2,88.23,74,40,9.22,scattered clouds
46,Provideniya,RU,64.3833,-173.3,41.11,65,0,6.71,clear sky
47,Kavieng,PG,-2.5744,150.7967,83.71,69,89,12.24,overcast clouds
48,Seymchan,RU,62.8833,152.4333,28.44,90,100,8.43,light snow
49,Saint George,US,37.1041,-113.5841,95.25,25,0,5.99,clear sky
50,Cherskiy,RU,68.75,161.3,28.78,52,25,5.73,scattered clouds
51,Fortuna,US,40.5982,-124.1573,72.36,71,0,10.0,clear sky
52,Vostok,RU,46.4856,135.8833,51.03,88,10,5.23,clear sky
53,New Norfolk,AU,-42.7826,147.0587,50.92,77,26,1.01,scattered clouds
54,Atuona,PF,-9.8,-139.0333,76.75,71,36,18.7,scattered clouds
55,Baracoa,CU,20.3467,-74.4958,81.9,81,100,1.88,overcast clouds
56,San Quintin,MX,30.4833,-115.95,76.12,66,5,7.02,clear sky
57,Acarau,BR,-2.8856,-40.12,78.21,79,58,16.91,broken clouds
58,Flin Flon,CA,54.7682,-101.865,60.64,72,75,10.36,broken clouds
59,Raudeberg,NO,61.9875,5.1352,48.96,15,20,15.46,few clouds
60,Marawi,PH,7.9986,124.2928,68.81,92,99,1.61,overcast clouds
61,Barrow,US,71.2906,-156.7887,33.82,86,100,14.97,mist
62,Hermanus,ZA,-34.4187,19.2345,56.8,89,99,8.68,overcast clouds
63,Lavrentiya,RU,65.5833,-171.0,38.03,65,62,14.92,broken clouds
64,Leningradskiy,RU,69.3833,178.4167,23.49,73,68,7.56,broken clouds
65,Dongsheng,CN,39.8161,109.9776,59.02,47,0,10.18,clear sky
66,Zhigansk,RU,66.7697,123.3711,25.72,80,97,8.28,overcast clouds
67,Asau,RO,46.4333,26.4,54.52,86,20,5.53,few clouds
68,Ikalamavony,MG,-21.15,46.5833,55.89,79,1,5.57,clear sky
69,Ambilobe,MG,-13.2,49.05,65.21,76,2,4.47,clear sky
70,East Millcreek,US,40.7,-111.8105,82.67,33,75,12.66,broken clouds
71,Medea,DZ,36.2642,2.7539,58.05,59,97,10.54,overcast clouds
72,Salinopolis,BR,-0.6136,-47.3561,80.85,78,41,14.99,scattered clouds
73,Vila Do Maio,CV,15.1333,-23.2167,81.39,86,30,10.89,scattered clouds
74,Erzin,TR,36.9559,36.2,72.84,87,4,1.25,clear sky
75,Butaritari,KI,3.0707,172.7902,82.36,77,100,18.45,light rain
76,Longyearbyen,SJ,78.2186,15.6401,40.51,97,100,10.16,overcast clouds
77,San Patricio,US,28.017,-97.5169,92.16,30,0,7.52,clear sky
78,Codrington,AU,-38.2667,141.9667,50.77,89,80,9.26,broken clouds
79,Mar Del Plata,AR,-38.0023,-57.5575,56.08,65,0,11.5,clear sky
80,Honningsvag,NO,70.9821,25.9704,44.35,76,77,6.91,broken clouds
81,Avarua,CK,-21.2078,-159.775,75.25,73,75,11.5,broken clouds
82,Tiksi,RU,71.6872,128.8694,19.04,93,100,5.14,overcast clouds
83,Aripuana,BR,-9.1667,-60.6333,75.06,74,78,2.75,broken clouds
84,Qiqihar,CN,47.3408,123.9672,49.26,58,83,11.74,broken clouds
85,Tasiilaq,GL,65.6145,-37.6368,35.76,82,99,6.38,overcast clouds
86,Upernavik,GL,72.7868,-56.1549,18.93,86,15,8.28,few clouds
87,Ponta Do Sol,PT,32.6667,-17.1,71.01,76,31,4.74,scattered clouds
88,Dikson,RU,73.5069,80.5464,34.66,77,68,17.74,broken clouds
89,Tuktoyaktuk,CA,69.4541,-133.0374,35.6,87,75,14.97,broken clouds
90,Nizhnyaya Tavda,RU,57.6731,66.1725,22.64,91,14,3.2,few clouds
91,Mutis,CO,6.2262,-77.4044,80.15,81,100,7.2,light rain
92,Hobart,AU,-42.8794,147.3294,51.26,85,40,11.5,scattered clouds
93,Jackson,US,42.4165,-122.8345,78.39,40,20,4.0,few clouds
94,Sao Filipe,CV,14.8961,-24.4956,80.26,82,9,12.39,clear sky
95,Barinas,VE,8.6226,-70.2075,86.04,62,100,3.44,overcast clouds
96,Dunedin,NZ,-45.8742,170.5036,46.8,65,20,11.99,few clouds
97,Vao,NC,-22.6667,167.4833,74.35,80,100,24.2,overcast clouds
98,Bara,NG,10.3744,10.7288,73.22,88,21,4.29,few clouds
99,Pitsunda,GE,43.1592,40.3378,64.58,69,0,7.05,clear sky
100,Yangambi,CD,0.8102,24.4336,69.37,96,71,1.05,broken clouds
101,Vuktyl,RU,63.8567,57.3094,27.21,74,2,5.86,clear sky
102,Guasdualito,VE,7.2424,-70.7324,89.6,62,40,2.3,scattered clouds
103,Krasnoselkup,RU,65.7,82.4667,26.24,83,52,8.16,broken clouds
104,Bengkulu,ID,-3.8004,102.2655,73.89,90,98,4.29,overcast clouds
105,Mareeba,AU,-17.0,145.4333,74.12,84,9,3.87,clear sky
106,East London,ZA,-33.0153,27.9116,66.27,90,100,17.78,light rain
107,Victoria,HK,22.2855,114.1577,83.32,87,95,8.99,moderate rain
108,Aswan,EG,24.0934,32.907,89.91,19,0,9.17,clear sky
109,Tigil,RU,57.8,158.6667,39.78,91,100,8.95,light rain
110,Te Anau,NZ,-45.4167,167.7167,43.47,68,9,5.44,clear sky
111,Lewistown,US,40.5992,-77.5714,62.19,78,0,8.05,clear sky
112,Udachnyy,RU,66.4167,112.4,20.01,96,100,8.01,light snow
113,Arica,CL,-18.475,-70.3042,63.95,72,75,11.5,broken clouds
114,Puerto Del Rosario,ES,28.5004,-13.8627,73.15,60,75,16.11,broken clouds
115,San Andres,CO,12.5847,-81.7006,84.22,79,40,5.75,scattered clouds
116,Santa,PH,17.486,120.4348,76.06,85,84,5.14,broken clouds
117,Vaini,TO,-21.2,-175.2,78.96,69,20,10.36,few clouds
118,Marzuq,YE,14.4,46.4667,76.1,49,8,3.87,clear sky
119,Boa Vista,BR,2.8197,-60.6733,87.78,51,40,6.91,scattered clouds
120,Porbandar,IN,21.6422,69.6093,78.94,73,12,7.2,few clouds
121,Cape Town,ZA,-33.9258,18.4232,61.09,87,0,4.61,clear sky
122,Chubbuck,US,42.9208,-112.4661,73.83,33,40,14.97,scattered clouds
123,Perumpavur,IN,10.1333,76.4833,76.91,94,20,2.3,mist
124,Campos,BR,-21.75,-41.3,69.85,100,100,9.22,overcast clouds
125,Namtsy,RU,62.7161,129.6658,24.03,91,83,8.52,broken clouds
126,Nyurba,RU,63.2842,118.3319,23.47,95,91,3.96,overcast clouds
127,Manadhoo,MV,5.7667,73.3833,80.46,77,100,11.21,light rain
128,Praia,CV,14.9215,-23.5087,81.14,78,20,4.61,few clouds
129,Harlingen,US,26.1906,-97.6961,89.56,31,0,12.66,clear sky
130,Sibolga,ID,1.7427,98.7792,75.24,96,100,1.97,overcast clouds
131,Mahajanga,MG,-15.7167,46.3167,68.02,68,0,2.3,clear sky
132,Tyret Pervaya,RU,53.6703,102.3106,38.44,94,99,4.34,overcast clouds
133,Kloulklubed,PW,7.0419,134.2556,82.76,76,8,12.48,clear sky
134,Pisco,PE,-13.7,-76.2167,66.25,63,0,12.66,clear sky
135,Wanlaweyn,SO,2.6185,44.8938,75.52,83,97,13.11,overcast clouds
136,Khatanga,RU,71.9667,102.5,27.7,98,100,4.38,overcast clouds
137,Castro,BR,-24.7911,-50.0119,51.4,95,100,7.99,overcast clouds
138,Bajil,YE,15.0584,43.2851,87.06,47,58,2.3,broken clouds
139,Aasiaat,GL,68.7098,-52.8699,33.69,97,100,5.75,overcast clouds
140,Ostrovnoy,RU,68.0531,39.5131,34.95,70,93,10.2,overcast clouds
141,Palana,RU,59.1167,159.9667,38.84,95,100,11.32,moderate rain
142,Ola,RU,59.5833,151.2833,37.15,81,89,9.01,overcast clouds
143,Visnes,NO,59.3556,5.2242,49.21,87,28,9.22,scattered clouds
144,Manchester,GB,53.4809,-2.2374,50.32,90,15,3.44,few clouds
145,Huarmey,PE,-10.0681,-78.1522,65.12,75,18,11.68,few clouds
146,Tekeli,KZ,44.83,78.8239,41.67,47,100,0.6,overcast clouds
147,Esperance,AU,-33.8667,121.9,50.68,86,0,10.85,clear sky
148,Tautira,PF,-17.7333,-149.15,77.5,75,0,16.8,clear sky
149,Torbay,CA,47.6666,-52.7314,57.97,93,75,6.91,broken clouds
150,Tual,ID,-5.6667,132.75,82.47,76,100,9.69,overcast clouds
151,Dauriya,RU,49.9333,116.8667,38.23,92,100,8.25,overcast clouds
152,Verin,ES,41.9415,-7.4381,50.56,91,1,5.93,clear sky
153,Mugumu,TZ,-1.85,34.7,65.46,72,100,3.24,overcast clouds
154,Havoysund,NO,70.9963,24.6622,44.83,80,76,13.04,broken clouds
155,Lincoln,US,40.8,-96.667,78.71,35,0,14.97,clear sky
156,Coron,PH,11.9986,120.2043,76.93,87,97,2.71,moderate rain
157,Katherine,AU,-14.4667,132.2667,77.32,61,14,8.05,few clouds
158,Touros,BR,-5.1989,-35.4608,77.09,74,73,14.58,broken clouds
159,Gizo,SB,-8.103,156.8419,83.05,70,9,10.42,clear sky
160,Gobabis,NA,-22.45,18.9667,69.51,26,4,12.06,clear sky
161,Kruisfontein,ZA,-34.0033,24.7314,62.89,89,100,9.98,overcast clouds
162,Isangel,VU,-19.55,169.2667,78.8,61,99,10.58,overcast clouds
163,Bredasdorp,ZA,-34.5322,20.0403,55.0,96,100,4.34,overcast clouds
164,Itarema,BR,-2.9248,-39.9167,77.97,79,68,15.32,broken clouds
165,Yellowknife,CA,62.456,-114.3525,45.12,70,75,10.36,broken clouds
166,Thongwa,MM,16.7619,96.5278,77.16,97,100,6.93,light rain
167,Price,US,39.5994,-110.8107,72.66,49,0,12.66,clear sky
168,Boguchany,RU,58.3814,97.4531,27.75,96,97,5.06,overcast clouds
169,Olafsvik,IS,64.8945,-23.7142,47.61,89,100,21.52,overcast clouds
170,Singaraja,ID,-8.112,115.0882,79.2,80,100,3.02,overcast clouds
171,Bathsheba,BB,13.2167,-59.5167,74.01,88,75,6.91,broken clouds
172,Mpika,ZM,-11.8343,31.4529,62.44,41,14,7.0,few clouds
173,Antalaha,MG,-14.9003,50.2788,64.58,83,0,7.11,clear sky
174,General Roca,AR,-39.0333,-67.5833,74.62,28,0,22.12,clear sky
175,Hay River,CA,60.8156,-115.7999,49.98,53,75,9.22,broken clouds
176,Umea,SE,63.8284,20.2597,42.73,93,75,4.61,light rain
177,Winslow,US,35.0242,-110.6974,82.58,16,0,4.45,clear sky
178,Talara,PE,-4.5772,-81.2719,68.76,73,0,19.57,clear sky
179,Rudnichnyy,RU,59.617,52.4703,33.28,78,100,9.4,overcast clouds
180,Tura,IN,25.5198,90.2201,73.27,95,38,4.03,scattered clouds
181,Yar-Sale,RU,66.8333,70.8333,32.32,69,100,3.71,overcast clouds
182,Los Llanos De Aridane,ES,28.6585,-17.9182,67.75,83,75,16.11,broken clouds
183,Karratha,AU,-20.7377,116.8463,70.48,75,2,9.46,clear sky
184,Izhma,RU,65.0083,53.9113,29.17,69,5,7.9,clear sky
185,Saint-Louis,SN,16.3333,-15.0,89.24,47,100,10.89,overcast clouds
186,Piacabucu,BR,-10.4056,-36.4344,73.63,80,49,7.96,scattered clouds
187,Ancud,CL,-41.8697,-73.8203,51.13,87,100,5.17,overcast clouds
188,Half Moon Bay,US,37.4636,-122.4286,87.58,65,0,14.97,haze
189,Necochea,AR,-38.5473,-58.7368,55.8,49,100,12.8,overcast clouds
190,Airai,TL,-8.9266,125.4092,62.02,89,44,0.85,scattered clouds
191,Caravelas,BR,-17.7125,-39.2481,73.94,87,17,7.9,few clouds
192,Ulladulla,AU,-35.35,150.4667,56.3,80,41,13.96,scattered clouds
193,Cayenne,GF,4.9333,-52.3333,82.44,78,9,5.75,clear sky
194,Beloslav,BG,43.1833,27.7,67.42,97,7,3.44,clear sky
195,North Myrtle Beach,US,33.816,-78.68,67.21,80,100,26.46,moderate rain
196,Arraial Do Cabo,BR,-22.9661,-42.0278,66.16,88,100,8.05,light intensity drizzle
197,Sarankhola,BD,22.3082,89.7897,78.17,92,42,4.76,moderate rain
198,Leh,IN,34.1667,77.5833,46.72,62,16,2.73,few clouds
199,Nikolskoye,RU,59.7035,30.7861,46.8,97,100,4.07,overcast clouds
200,Kismayo,SO,-0.3582,42.5454,76.3,84,33,16.93,scattered clouds
201,Bandarbeyla,SO,9.4942,50.8122,78.6,80,56,20.31,broken clouds
202,Lexington,US,37.9887,-84.4777,61.92,55,0,18.41,clear sky
203,Saint Pete Beach,US,27.7253,-82.7412,74.28,65,100,21.85,overcast clouds
204,Constitucion,CL,-35.3333,-72.4167,55.13,84,83,5.1,broken clouds
205,Thompson,CA,55.7435,-97.8558,59.16,44,75,14.97,broken clouds
206,Varkkallai,IN,8.7341,76.7067,78.58,88,100,6.98,light rain
207,Coquimbo,CL,-29.9533,-71.3436,55.13,87,100,6.91,overcast clouds
208,Yuzhno-Kurilsk,RU,44.0306,145.8556,58.68,76,20,10.22,few clouds
209,Yulara,AU,-25.2406,130.9889,63.18,30,100,9.78,overcast clouds
210,Garissa,KE,-0.4536,39.6401,73.9,77,58,19.1,broken clouds
211,Carutapera,BR,-1.195,-46.02,79.75,77,56,9.4,broken clouds
212,Husavik,IS,66.0449,-17.3389,45.75,83,100,7.09,overcast clouds
213,Kudahuvadhoo,MV,2.6708,72.8944,78.21,82,100,21.12,heavy intensity rain
214,Karpathos,GR,35.507,27.2132,75.16,88,9,3.44,clear sky
215,Tazmalt,DZ,36.3868,4.3989,67.01,64,87,4.23,overcast clouds
216,Chuy,UY,-33.6971,-53.4616,53.69,80,99,5.41,overcast clouds
217,Geraldton,AU,-28.7667,114.6,64.81,59,100,14.97,overcast clouds
218,Draguignan,FR,43.5333,6.4667,62.83,54,94,3.44,overcast clouds
219,Timmins,CA,48.4669,-81.3331,58.82,44,20,6.91,few clouds
220,Fiche,ET,9.8,38.7333,48.69,83,70,1.07,broken clouds
221,Maramba,TZ,-5.05,38.6167,60.33,92,54,1.86,broken clouds
222,Bela,IN,25.9333,81.9833,77.43,76,1,1.77,clear sky
223,Port Hedland,AU,-20.3167,118.5667,66.25,82,40,6.91,scattered clouds
224,Kaeo,NZ,-35.1,173.7833,66.33,97,100,11.39,moderate rain
225,Payo,ID,-3.7508,103.6372,71.92,89,92,1.79,overcast clouds
226,Trelew,AR,-43.249,-65.3051,76.51,28,0,16.71,clear sky
227,Harmanli,BG,41.9333,25.9,65.66,71,0,6.35,clear sky
228,Hithadhoo,MV,-0.6,73.0833,81.54,74,92,11.83,overcast clouds
229,Sorland,NO,67.667,12.6934,51.66,71,100,5.28,overcast clouds
230,Quimper,FR,48.0,-4.1,50.58,100,0,6.91,clear sky
231,Syracuse,IT,37.0881,15.2792,69.39,68,0,8.08,clear sky
232,Hun,LY,29.1268,15.9477,85.82,37,55,11.36,broken clouds
233,Moen,NO,69.1304,18.6123,47.12,61,75,9.22,broken clouds
234,Diamantino,BR,-14.4086,-56.4461,76.82,82,79,9.95,broken clouds
235,Cockburn Town,TC,21.4612,-71.1419,81.36,74,14,9.31,few clouds
236,Hobyo,SO,5.3505,48.5268,76.98,83,85,19.01,overcast clouds
237,Yumen,CN,40.2833,97.2,55.71,37,0,5.46,clear sky
238,Saryg-Sep,RU,51.5,95.6,32.36,93,100,1.63,snow
239,Clearlake,US,38.9582,-122.6264,87.35,32,0,1.54,clear sky
240,Nemuro,JP,43.3236,145.575,59.36,75,5,10.31,clear sky
241,Padang,ID,-0.9492,100.3543,76.59,84,96,4.14,overcast clouds
242,Pingliang,CN,35.5392,106.6861,57.65,76,100,1.45,overcast clouds
243,Carnarvon,AU,-24.8667,113.6333,67.46,70,0,17.9,clear sky
244,Chapais,CA,49.7834,-74.8492,49.78,58,75,6.4,broken clouds
245,Warri,NG,5.5167,5.75,74.91,94,100,3.78,light rain
246,Belaya Gora,RU,68.5333,146.4167,23.29,80,58,4.83,broken clouds
247,Iqaluit,CA,63.7506,-68.5145,33.53,86,100,19.57,light snow
248,Wanning,CN,18.8003,110.3967,77.99,93,100,6.71,overcast clouds
249,Graaff-Reinet,ZA,-32.2522,24.5308,69.17,62,100,8.05,overcast clouds
250,Clyde River,CA,70.4692,-68.5914,30.43,93,100,9.22,fog
251,Solnechnyy,RU,50.7214,136.6319,43.75,89,88,1.88,overcast clouds
252,Jumla,NP,29.2747,82.1838,51.51,82,6,4.85,clear sky
253,La Rioja,ES,42.25,-2.5,46.18,90,84,9.93,broken clouds
254,Bukama,CD,-9.2,25.85,72.03,74,62,2.62,broken clouds
255,Collie,AU,-33.3667,116.15,49.01,87,0,6.62,clear sky
256,Plettenberg Bay,ZA,-34.0527,23.3716,60.42,94,99,4.88,overcast clouds
257,Chimoio,MZ,-19.1164,33.4833,62.46,88,0,1.86,clear sky
258,Pangnirtung,CA,66.1451,-65.7125,30.2,86,100,2.3,overcast clouds
259,Awjilah,LY,29.1081,21.2869,90.25,15,0,9.86,clear sky
260,Opuwo,NA,-18.0607,13.84,68.72,33,22,4.97,few clouds
261,Amaga,CO,6.04,-75.7031,69.8,85,93,2.08,overcast clouds
262,Monywa,MM,22.1167,95.1333,80.22,85,99,3.38,overcast clouds
263,Srednekolymsk,RU,67.45,153.6833,26.51,65,67,11.48,broken clouds
264,Hofn,IS,64.2539,-15.2082,47.3,96,100,19.66,overcast clouds
265,Hualmay,PE,-11.0964,-77.6139,63.93,74,9,12.06,clear sky
266,Oktyabrskiy,RU,54.4815,53.471,41.5,91,100,8.66,overcast clouds
267,Haines Junction,CA,60.7522,-137.5108,58.95,51,98,6.91,overcast clouds
268,Trairi,BR,-3.2778,-39.2689,77.94,77,64,11.1,broken clouds
269,Flinders,AU,-34.5833,150.8552,58.17,90,82,5.99,broken clouds
270,Meulaboh,ID,4.1363,96.1285,75.04,97,100,9.82,moderate rain
271,Mehamn,NO,71.0357,27.8492,39.11,87,73,9.22,broken clouds
272,Vaxjo,SE,56.8777,14.8091,41.05,100,75,2.3,broken clouds
273,Koungou,YT,-12.7336,45.2042,71.31,94,0,2.3,clear sky
274,Bereda,ES,43.2686,-7.5406,52.41,79,63,4.76,broken clouds
275,Dovers,VC,12.8833,-61.1833,74.79,84,100,10.2,overcast clouds
276,Makhinjauri,GE,41.6739,41.694,66.06,77,0,9.22,clear sky
277,Lebyazhye,RU,55.2689,66.4947,26.31,77,0,1.54,clear sky
278,Fairbanks,US,64.8378,-147.7164,57.2,47,40,0.0,scattered clouds
279,Marsaxlokk,MT,35.8419,14.5431,76.08,73,20,8.05,few clouds
280,Ushumun,RU,52.7833,126.5333,32.29,88,100,9.08,overcast clouds
281,Balarampur,IN,23.1167,86.2167,75.22,91,56,2.42,broken clouds
282,Sikasso,ML,10.9167,-7.0,74.98,84,40,4.38,scattered clouds
283,Miraflores,MX,19.2167,-98.8083,68.76,60,84,2.82,broken clouds
284,Narsaq,GL,60.9167,-46.05,43.02,86,92,1.5,overcast clouds
285,Mount Isa,AU,-20.7333,139.5,65.97,37,0,8.05,clear sky
286,La Ronge,CA,55.1001,-105.2842,64.65,59,40,13.8,scattered clouds
287,Grand-Lahou,CI,5.1367,-5.0242,74.98,92,20,6.04,few clouds
288,Quatre Cocos,MU,-20.2078,57.7625,68.11,76,37,12.39,light rain
289,Bonavista,CA,48.6499,-53.1147,53.74,94,100,7.56,light rain
290,Portsmouth,GB,50.799,-1.0913,51.96,100,9,2.39,clear sky
291,Salalah,OM,17.0151,54.0924,78.89,89,75,3.44,broken clouds
292,Inhambane,MZ,-23.865,35.3833,69.1,86,5,6.2,clear sky
293,Norrtalje,SE,59.758,18.705,45.01,91,100,5.77,overcast clouds
294,Krutinka,RU,56.0055,71.5113,26.73,84,12,9.17,few clouds
295,Port Hawkesbury,CA,45.6169,-61.3485,57.78,91,40,3.44,scattered clouds
296,Westport,US,41.1415,-73.3579,64.22,63,0,8.05,clear sky
297,Teluk Nibung,ID,3.001,99.8164,75.43,95,100,4.05,overcast clouds
298,Namatanai,PG,-3.6667,152.4333,84.88,61,90,8.05,overcast clouds
299,Saskylakh,RU,71.9167,114.0833,22.44,97,100,6.44,light snow
300,Severo-Yeniseyskiy,RU,60.3725,93.0408,24.82,91,98,4.16,overcast clouds
301,Mehran,IR,33.1222,46.1646,81.36,15,0,5.7,clear sky
302,Bulungu,CD,-4.55,18.6,71.58,81,8,1.34,clear sky
303,Khani,GE,41.9563,42.9566,53.17,62,2,4.94,clear sky
304,Muswellbrook,AU,-32.2667,150.9,55.54,80,100,7.81,overcast clouds
305,Chokurdakh,RU,70.6333,147.9167,24.93,77,92,4.14,overcast clouds
306,Turkmenabat,TM,39.0733,63.5786,62.58,39,0,6.91,clear sky
307,Laguna,US,38.421,-121.4238,90.09,34,0,10.36,clear sky
308,Port Said,EG,31.2565,32.2841,80.78,71,0,8.75,clear sky
309,Chabahar,IR,25.2919,60.643,78.89,78,21,3.65,few clouds
310,Wuda,CN,39.4994,106.7117,64.18,40,7,4.29,clear sky
311,Grindavik,IS,63.8424,-22.4338,48.67,100,100,6.91,light rain
312,Noumea,NC,-22.2763,166.4572,81.0,99,100,10.29,overcast clouds
313,Mahebourg,MU,-20.4081,57.7,68.29,88,75,8.05,broken clouds
314,Sines,PT,37.9562,-8.8698,61.29,84,5,8.99,clear sky
315,Iskateley,RU,67.6803,53.1512,27.32,79,12,8.57,few clouds
316,Rock Springs,US,41.5875,-109.2029,68.23,41,40,24.16,scattered clouds
317,Jacqueville,CI,5.2052,-4.4146,76.12,90,28,7.67,scattered clouds
318,Hommersak,NO,58.9317,5.8511,49.41,90,0,3.44,clear sky
319,Portoferraio,IT,42.8115,10.3146,60.53,70,88,7.87,overcast clouds
320,Vila Franca Do Campo,PT,37.7167,-25.4333,71.2,82,85,5.3,overcast clouds
321,Port Elizabeth,ZA,-33.918,25.5701,65.1,90,100,6.91,overcast clouds
322,Faanui,PF,-16.4833,-151.75,78.78,70,26,17.22,scattered clouds
323,Norman Wells,CA,65.282,-126.8329,50.04,53,75,14.97,broken clouds
324,Imbituba,BR,-28.24,-48.6703,59.86,69,95,4.92,overcast clouds
325,Lysa Hora,UA,48.1706,31.1099,61.88,91,100,11.52,overcast clouds
326,San Fernando,PH,15.0286,120.6898,80.33,89,87,2.86,overcast clouds
327,Bhatapara,IN,21.7333,81.9333,74.26,84,64,4.59,broken clouds
328,Hasaki,JP,35.7333,140.8333,70.29,61,95,5.86,overcast clouds
329,Port Lincoln,AU,-34.7333,135.8667,56.16,76,100,12.91,overcast clouds
330,Mount Gambier,AU,-37.8333,140.7667,52.86,81,73,10.13,broken clouds
331,Komsomolskiy,UZ,40.4272,71.7189,61.52,55,100,6.91,overcast clouds
332,Muros,ES,42.7762,-9.0603,58.15,90,7,6.93,clear sky
333,Xunchang,CN,28.4543,104.715,68.86,84,99,1.28,overcast clouds
334,Bujaru,BR,-1.515,-48.0447,75.51,92,74,4.43,broken clouds
335,Pitimbu,BR,-7.4706,-34.8086,79.39,77,65,11.41,broken clouds
336,Naliya,IN,23.2667,68.8333,78.48,74,54,6.93,broken clouds
337,Ahero,KE,-0.1746,34.9163,65.91,82,100,3.83,overcast clouds
338,Qaanaaq,GL,77.484,-69.3632,12.22,78,43,7.63,scattered clouds
339,Rio Grande,BR,-32.035,-52.0986,59.11,72,86,8.86,overcast clouds
340,Coahuayana,MX,18.7333,-103.6833,84.18,76,77,3.13,broken clouds
341,Cukai,MY,4.25,103.4167,75.15,92,100,3.51,overcast clouds
342,Oga,IT,46.4631,10.347,43.81,97,100,4.5,overcast clouds
343,Edson,CA,53.5835,-116.4356,60.94,63,0,2.3,light rain
344,Maceio,BR,-9.6658,-35.7353,74.64,88,20,4.61,few clouds
345,Invermere,CA,50.5167,-116.0354,68.9,43,95,2.89,overcast clouds
346,Seinajoki,FI,62.7945,22.8282,40.23,99,75,3.44,light intensity shower rain
347,Lagoa,PT,39.05,-27.9833,67.5,65,6,5.46,clear sky
348,Hermosillo,MX,29.0667,-110.9667,94.91,48,75,20.71,moderate rain
349,Ndende,GA,-2.4008,11.3581,73.54,93,82,1.81,light rain
350,Moradabad,IN,28.8333,78.7833,73.54,81,0,3.15,clear sky
351,Maragogi,BR,-9.0122,-35.2225,75.09,76,79,7.96,broken clouds
352,Finnsnes,NO,69.2296,17.9811,47.01,86,8,4.18,clear sky
353,Pevek,RU,69.7008,170.3133,28.81,58,0,3.47,clear sky
354,Stromness,GB,58.965,-3.296,53.87,90,97,15.01,overcast clouds
355,Bonthe,SL,7.5264,-12.505,73.85,94,100,1.61,light rain
356,Lompoc,US,34.6391,-120.4579,83.01,73,17,5.99,few clouds
357,Saint-Joseph,RE,-21.3667,55.6167,68.38,81,39,13.96,light rain
358,Jalu,LY,29.0331,21.5482,87.89,17,0,11.1,clear sky
359,Dingle,PH,10.9995,122.6711,76.37,91,100,3.74,overcast clouds
360,Myitkyina,MM,25.3833,97.4,74.25,83,8,2.17,clear sky
361,Riyadh,SA,24.6877,46.7219,78.94,16,0,3.94,clear sky
362,Igarka,RU,67.4667,86.5833,27.52,96,86,9.4,overcast clouds
363,Denpasar,ID,-8.65,115.2167,78.46,94,40,4.61,scattered clouds
364,Riachao Das Neves,BR,-11.7461,-44.91,83.07,26,6,2.13,clear sky
365,Zalantun,CN,48.0,122.7167,45.93,65,99,14.7,light rain
366,Souillac,MU,-20.5167,57.5167,68.38,88,75,8.05,broken clouds
367,Waitati,NZ,-45.75,170.5667,45.81,66,26,6.11,scattered clouds
368,Hearst,CA,49.6835,-83.6665,59.25,62,98,9.93,overcast clouds
369,Xining,CN,36.6167,101.7667,52.57,53,100,1.92,overcast clouds
370,Toora-Khem,RU,52.4675,96.11,28.8,93,100,7.43,light snow
371,Malangwa,NP,26.8568,85.5581,77.45,78,7,4.68,clear sky
372,Zilair,RU,52.2332,57.4392,33.49,98,100,12.3,snow
373,Champerico,GT,14.3,-91.9167,84.74,78,52,7.96,broken clouds
374,Beringovskiy,RU,63.05,179.3167,37.02,53,46,6.82,scattered clouds
375,Saint-Georges,GD,12.0564,-61.7485,82.08,78,40,2.3,scattered clouds
376,Dubovka,RU,49.0583,44.829,61.75,75,16,6.04,few clouds
377,Vila Velha,BR,-20.3297,-40.2925,71.55,93,100,8.05,overcast clouds
378,Sur,OM,22.5667,59.5289,79.54,76,2,11.61,clear sky
379,Dauphin,CA,51.1494,-100.0502,75.34,41,0,9.22,clear sky
380,Saint-Pierre,RE,-21.3393,55.4781,69.48,78,75,12.66,broken clouds
381,Praia Da Vitoria,PT,38.7333,-27.0667,70.05,78,100,3.49,overcast clouds
382,Kenai,US,60.5544,-151.2583,52.03,92,100,11.5,light rain
383,Berdychiv,UA,49.8993,28.6024,55.29,90,96,5.08,overcast clouds
384,Gizycko,PL,54.0381,21.7644,48.29,78,92,6.49,overcast clouds
385,Tarko-Sale,RU,64.9225,77.785,27.3,86,35,7.7,scattered clouds
386,Bexbach,DE,49.3461,7.2553,44.42,96,20,3.44,few clouds
387,Beldanga,IN,23.9333,88.25,79.32,81,42,4.45,scattered clouds
388,Rawson,AR,-43.3002,-65.1023,68.63,41,1,19.46,clear sky
389,Lata,PT,40.1629,-8.3327,61.81,94,27,3.96,scattered clouds
390,Puerto Colombia,CO,10.9878,-74.9547,84.29,76,100,7.2,overcast clouds
391,Ahome,MX,25.9167,-109.1833,93.15,48,0,11.77,clear sky
392,Tokmak,UA,47.2514,35.7058,62.1,77,100,7.78,overcast clouds
393,Vestmannaeyjar,IS,63.4427,-20.2734,48.81,92,100,17.27,light rain
394,Sao Jose Da Coroa Grande,BR,-8.8978,-35.1478,75.27,76,78,7.92,broken clouds
395,Limon,CR,10.0,-83.0333,84.09,79,40,3.44,scattered clouds
396,Algiers,DZ,36.7525,3.042,60.62,72,20,2.3,few clouds
397,Mana,GF,5.6592,-53.7767,80.15,86,32,12.06,scattered clouds
398,Palmer,US,42.1584,-72.3287,62.15,65,40,11.5,scattered clouds
399,Synya,RU,65.3718,58.0387,25.23,80,13,4.34,few clouds
400,Nelson Bay,AU,-32.7167,152.15,64.11,85,96,15.99,light rain
401,Bonfim,BR,3.0833,-59.95,79.75,73,100,5.48,overcast clouds
402,Mokobeng,BW,-22.9965,27.6678,64.51,53,4,4.54,clear sky
403,Catia La Mar,VE,10.6038,-67.0303,82.99,78,100,5.75,overcast clouds
404,Havelock,US,34.8791,-76.9013,67.98,82,100,5.99,overcast clouds
405,Vila,PT,42.0304,-8.1588,46.71,86,14,4.0,few clouds
406,Portland,US,45.5234,-122.6762,70.99,78,75,9.22,broken clouds
407,Muramvya,BI,-3.2682,29.6079,60.42,67,86,0.49,overcast clouds
408,Avera,US,33.194,-82.5271,68.05,47,100,18.86,overcast clouds
409,Klaksvik,FO,62.2266,-6.589,49.12,93,100,34.65,moderate rain
410,Basco,PH,20.4487,121.9702,83.89,73,69,16.2,broken clouds
411,Aleksandrov Gay,RU,50.147,48.5704,60.51,86,6,6.29,clear sky
412,Boulsa,BF,12.6675,-0.5758,80.35,69,4,8.01,clear sky
413,Potam,MX,27.6,-110.3833,92.82,42,3,11.23,clear sky
414,Suzun,RU,53.7841,82.3116,29.01,93,100,9.95,light snow
415,Churapcha,RU,62.0025,132.4325,26.28,68,35,8.7,scattered clouds
416,Bangassou,CF,4.7413,22.8184,67.5,98,6,1.57,clear sky
417,Tateyama,JP,34.9833,139.8667,71.1,71,100,10.4,overcast clouds
418,Vilkija,LT,55.05,23.5833,44.62,92,51,7.09,broken clouds
419,Jatai,BR,-17.8814,-51.7144,72.14,68,95,9.71,overcast clouds
420,Ahipara,NZ,-35.1667,173.1667,62.29,96,100,6.06,light rain
421,Hovd,MN,48.0056,91.6419,40.33,44,53,8.41,broken clouds
422,Waipawa,NZ,-41.4122,175.5153,43.81,90,100,11.86,light rain
423,Zhangye,CN,38.9342,100.4517,58.62,33,81,5.06,broken clouds
424,Rota,ES,36.6224,-6.3586,68.13,77,20,10.36,few clouds
425,Adrar,MR,20.5022,-10.0711,90.1,24,5,14.12,clear sky
426,Pontes E Lacerda,BR,-15.2261,-59.3353,67.5,90,100,2.42,moderate rain
427,Honiara,SB,-9.4333,159.95,85.8,63,1,3.11,clear sky
428,Egvekinot,RU,66.3167,-179.1667,26.67,66,10,2.1,clear sky
429,Bambous Virieux,MU,-20.3428,57.7575,68.25,88,75,8.05,light rain
430,Mosquera,CO,4.7059,-74.2302,60.89,77,75,4.61,broken clouds
431,Muisne,EC,0.6,-80.0333,74.17,82,85,9.64,overcast clouds
432,Alofi,NU,-19.0595,-169.9187,78.69,100,40,20.71,scattered clouds
433,Zhezkazgan,KZ,47.8043,67.7144,34.03,34,55,13.62,broken clouds
434,Chara,RU,56.9064,118.2631,25.43,84,98,2.57,overcast clouds
435,Dhana,IN,23.75,78.85,72.7,73,1,2.53,clear sky
436,Lichtenburg,ZA,-26.152,26.1597,60.44,44,0,9.86,clear sky
437,Pendleton,US,45.6721,-118.7886,74.8,52,75,20.71,broken clouds
438,Agnibilekrou,CI,7.1344,-3.2047,71.19,97,87,2.3,overcast clouds
439,Cam Ranh,VN,11.9214,109.1591,78.76,83,40,14.97,scattered clouds
440,Phan Thiet,VN,10.9333,108.1,76.71,88,100,4.65,overcast clouds
441,Inuvik,CA,68.3499,-133.7218,38.26,84,75,8.05,broken clouds
442,Novikovo,RU,51.1537,37.8879,54.36,86,92,5.41,overcast clouds
443,Qitaihe,CN,45.8,130.85,61.02,79,25,4.05,scattered clouds
444,West Memphis,US,35.1465,-90.1845,74.35,33,0,16.11,clear sky
445,Charters Towers,AU,-20.1,146.2667,72.23,44,2,6.98,clear sky
446,Phuket,TH,8.0,98.25,86.13,84,40,11.5,light rain
447,Itoman,JP,26.1247,127.6694,80.62,78,20,3.44,few clouds
448,Kosh-Agach,RU,50.0,88.6667,16.81,67,97,5.17,overcast clouds
449,Anloga,GH,5.7947,0.8973,77.34,86,18,10.07,few clouds
450,Arkul,RU,57.2808,50.044,39.65,98,100,8.01,overcast clouds
451,Realeza,BR,-25.7689,-53.5325,60.93,97,100,2.51,light rain
452,Manicore,BR,-5.8092,-61.3003,85.95,62,0,3.44,clear sky
453,Hellvik,NO,59.9156,5.781,51.01,84,24,1.99,few clouds
454,Guilin,CN,25.2819,110.2864,77.11,66,100,2.57,overcast clouds
455,Pyaozerskiy,RU,65.8333,31.1667,35.83,99,99,7.87,light rain
456,Owando,CG,-0.4819,15.8999,70.34,94,33,1.34,light rain
457,Kamiiso,JP,41.8167,140.65,62.98,88,40,4.61,scattered clouds
458,Rafai,CF,4.95,23.9167,66.81,97,10,1.14,clear sky
459,Tiznit,MA,29.5833,-9.5,62.82,79,57,6.04,broken clouds
460,Alice Springs,AU,-23.7,133.8833,63.95,32,88,10.36,overcast clouds
461,Iracoubo,GF,5.4802,-53.2011,80.17,82,51,11.74,broken clouds
462,Kati,ML,12.7441,-8.0726,76.41,74,100,4.09,overcast clouds
463,Tshela,CD,-4.9833,12.9333,72.19,91,8,1.54,clear sky
464,Kindu,CD,-2.95,25.95,67.78,99,86,3.36,overcast clouds
465,Shache,CN,38.4167,77.2406,67.19,18,3,4.29,clear sky
466,Pelham,US,33.2857,-86.81,74.21,37,0,10.36,clear sky
467,Pereslavl-Zalesskiy,RU,56.7393,38.8563,46.08,95,71,6.91,broken clouds
468,Grand Gaube,MU,-20.0064,57.6608,68.4,79,15,1.99,few clouds
469,Mizdah,LY,31.4451,12.9801,74.44,55,3,9.19,clear sky
470,Saint-Leu,RE,-21.15,55.2833,68.86,77,3,9.13,clear sky
471,Anori,BR,-3.7728,-61.6442,89.33,37,88,2.04,overcast clouds
472,Buala,SB,-8.145,159.5921,84.43,69,15,8.95,few clouds
473,Korfovskiy,RU,48.2183,135.0564,51.26,85,67,6.69,broken clouds
474,Morwa,IN,22.9,73.8333,75.18,81,7,1.77,clear sky
475,Wangaratta,AU,-36.3667,146.3333,58.46,65,48,3.89,scattered clouds
476,Gazli,UZ,40.1333,63.45,62.69,28,65,15.3,broken clouds
477,Ust-Uda,RU,54.1742,103.0304,39.6,88,100,1.81,overcast clouds
478,Macapa,BR,0.0389,-51.0664,85.98,74,40,8.05,scattered clouds
479,Ayorou,NE,14.7308,0.9174,90.36,39,8,12.8,clear sky
480,Tocopilla,CL,-22.092,-70.1979,59.92,75,20,8.9,few clouds
481,Road Town,VG,18.4167,-64.6167,78.84,94,20,6.91,heavy intensity rain
482,Hamilton,US,39.1834,-84.5333,66.43,58,0,12.66,clear sky
483,Conakry,GN,9.538,-13.6773,78.87,89,75,6.91,broken clouds
484,Mujiayingzi,CN,42.1167,118.7833,63.27,52,14,7.78,few clouds
485,Eureka,US,40.8021,-124.1637,76.68,75,1,10.0,clear sky
486,Qaqortoq,GL,60.7167,-46.0333,41.67,87,72,6.17,broken clouds
487,Sovetskoye,RU,52.2861,85.4131,26.87,84,97,9.31,overcast clouds
488,Uruzgan,AF,32.8333,66.0,61.72,17,0,2.33,clear sky
489,Bergama,TR,39.1207,27.1805,68.58,81,0,1.32,clear sky
490,Sogne,NO,58.0833,7.8167,48.69,83,25,3.0,scattered clouds
491,Kambove,CD,-10.8764,26.5969,69.91,41,70,2.19,broken clouds
492,Storforshei,NO,66.4043,14.5233,46.18,65,75,5.75,broken clouds
493,Nome,US,64.5011,-165.4064,44.67,70,100,9.22,overcast clouds
494,Tanabe,JP,33.7333,135.3667,72.5,72,0,2.93,clear sky
495,Coffs Harbour,AU,-30.3,153.1333,68.13,60,75,26.46,broken clouds
496,Ati,TD,13.2154,18.3353,81.39,58,3,2.33,clear sky
497,Takoradi,GH,4.8845,-1.7554,74.88,90,5,5.59,clear sky
498,Venado Tuerto,AR,-33.7456,-61.9688,61.77,27,95,11.23,overcast clouds
499,Sechura,PE,-5.5569,-80.8222,68.86,67,10,17.92,clear sky
500,Turukhansk,RU,65.8167,87.9833,22.57,97,90,6.58,overcast clouds
501,Kinsale,IE,51.7075,-8.5306,50.23,87,40,4.61,scattered clouds
502,Bungu,TZ,-7.6337,39.0582,68.79,89,100,3.04,overcast clouds
503,Nouadhibou,MR,20.931,-17.0347,76.98,69,44,17.27,scattered clouds
504,Ugoofaaru,MV,5.6667,73.0,80.15,78,93,11.3,moderate rain
505,Ndele,CF,8.4109,20.6473,69.58,96,94,1.05,overcast clouds
506,Dharchula,IN,29.85,80.5333,62.85,73,2,6.44,clear sky
507,Fort Nelson,CA,58.8053,-122.7002,60.39,51,20,4.61,few clouds
508,Ojinaga,MX,29.5667,-104.4167,85.15,26,0,8.05,clear sky
509,Hambantota,LK,6.1241,81.1185,79.18,81,99,18.16,overcast clouds
510,Tondano,ID,1.3038,124.9112,71.69,85,99,2.8,overcast clouds
511,Safaga,EG,26.7292,33.9365,88.12,42,0,11.18,clear sky
512,Kununurra,AU,-15.7667,128.7333,80.58,78,40,5.75,scattered clouds
513,Groningen,NL,53.25,6.75,49.03,92,83,2.3,fog
514,Belozerskoye,RU,55.8214,65.5842,24.37,81,5,1.5,clear sky
515,Elk City,US,35.412,-99.4043,84.42,28,0,11.5,clear sky
516,Batagay-Alyta,RU,67.8006,130.4114,21.29,93,100,2.8,overcast clouds
517,Gewane,ET,10.1664,40.6453,81.54,46,45,0.63,light rain
518,Trapani,IT,37.8333,12.6667,72.23,78,0,17.27,clear sky
519,Morros,BR,-9.4467,-46.3003,85.68,24,5,2.39,clear sky
520,Palmares Do Sul,BR,-30.2578,-50.5097,59.63,66,100,12.57,overcast clouds
521,Korla,CN,41.7597,86.1469,63.37,26,32,15.82,scattered clouds
522,Tanem,NO,63.3078,10.4319,45.01,93,98,3.62,light rain
523,Prince Rupert,CA,54.3161,-130.3201,62.69,81,0,10.36,clear sky
524,Sesvete,HR,45.8311,16.1164,58.68,90,100,2.3,heavy intensity rain
525,Nalut,LY,30.3333,10.85,80.11,25,5,11.43,clear sky
526,Stonewall,CA,50.1344,-97.3268,69.78,34,0,5.23,clear sky
527,Faya,SA,18.3851,42.4509,63.12,23,9,5.64,clear sky
528,Chegdomyn,RU,51.1167,133.0167,39.9,92,100,2.64,overcast clouds
529,Malaya Serdoba,RU,52.4661,44.9512,51.62,90,99,4.94,overcast clouds
530,Haapiti,PF,-17.5667,-149.8667,83.93,72,5,16.33,clear sky
531,Port-Cartier,CA,50.0334,-66.8654,52.02,54,34,5.48,scattered clouds
532,Alpatovo,RU,43.7028,45.2415,67.46,57,40,2.46,scattered clouds
533,Coos Bay,US,43.3665,-124.2179,68.99,88,40,8.05,scattered clouds
534,Sozimskiy,RU,59.7418,52.2482,33.31,81,100,9.35,overcast clouds
535,Springfield,US,37.2153,-93.2982,71.46,36,0,8.05,clear sky
536,Maniitsoq,GL,65.4167,-52.9,36.37,99,100,15.66,light rain
537,Trzebnica,PL,51.3108,17.0633,49.28,75,87,2.35,overcast clouds
538,Port Blair,IN,11.6667,92.75,77.04,88,75,1.14,heavy intensity rain
539,Micheweni,TZ,-4.9667,39.8333,74.39,79,34,10.45,scattered clouds
540,Wilmington,US,34.2257,-77.9447,65.95,83,100,17.27,light rain
541,Virginia Beach,US,36.8529,-75.978,67.01,76,100,26.46,overcast clouds
542,Puerto Escondido,MX,15.85,-97.0667,82.53,80,34,5.48,scattered clouds
543,Nishihara,JP,26.1842,127.7558,79.88,79,20,5.75,few clouds
544,Mezen,RU,65.8522,44.24,31.62,68,93,9.28,overcast clouds
545,La Union,PE,-5.4,-80.75,73.08,55,4,19.19,clear sky
546,Margate,GB,51.3813,1.3862,49.3,69,17,5.55,few clouds
547,Ayr,GB,55.4627,-4.6339,54.32,93,0,5.75,clear sky
548,Qarqin,AF,37.4185,66.0436,72.59,24,13,4.07,few clouds
549,Elizabeth City,US,36.2946,-76.2511,68.02,75,40,26.46,scattered clouds
550,Palasa,IN,18.7667,84.4167,78.33,85,100,3.65,overcast clouds
551,Nueva Loja,EC,0.0847,-76.8828,89.62,51,20,3.44,few clouds
552,Loiza,PR,18.4313,-65.8802,81.63,83,75,9.22,broken clouds
553,Bridlington,GB,54.0831,-0.1919,49.89,77,3,3.51,clear sky
554,Nechi,CO,8.0942,-74.7757,77.23,93,81,2.01,broken clouds
555,Vanavara,RU,60.34,102.2797,23.88,82,34,4.74,scattered clouds
556,Taoudenni,ML,22.6783,-3.9836,91.26,15,0,10.45,clear sky
557,Barcelona,ES,41.3888,2.159,63.91,79,20,10.36,few clouds
558,Lapua,FI,62.9693,23.0088,40.33,95,100,4.56,light rain
559,Acapulco,MX,16.8634,-99.8901,84.02,74,41,6.82,scattered clouds
560,Anisoc,GQ,1.8658,10.7689,69.58,99,100,1.19,overcast clouds
561,Benghazi,LY,32.1167,20.0667,81.32,65,88,10.38,overcast clouds
562,Odweyne,SO,9.4092,45.064,70.97,68,80,7.87,broken clouds
563,Gazanjyk,TM,39.2446,55.5154,70.3,57,11,6.58,few clouds
564,Hue,VN,16.4667,107.6,78.91,89,40,2.3,scattered clouds
565,Dolores,AR,-36.3132,-57.6792,47.93,62,100,7.14,overcast clouds
566,Rodrigues Alves,BR,-7.738,-72.6509,79.0,96,100,2.21,moderate rain
567,Urucara,BR,-2.5364,-57.76,88.25,30,80,3.94,broken clouds
568,Lasa,IT,46.6166,10.7002,50.88,95,100,3.31,overcast clouds
569,Harper,LR,4.375,-7.7169,75.96,86,53,5.1,broken clouds
570,Yarmouth,US,41.7057,-70.2286,59.97,79,0,3.44,clear sky
571,Yaan,NG,7.3833,8.5667,72.63,92,21,5.19,few clouds
572,Youghal,IE,51.95,-7.8506,50.09,80,99,5.3,overcast clouds
573,Mandalgovi,MN,45.7625,106.2708,40.6,77,50,3.78,scattered clouds
574,Yarkovo,RU,57.4028,67.0786,23.94,90,21,3.91,few clouds
575,Natchitoches,US,31.7668,-93.1335,77.85,31,0,11.5,clear sky
576,Beloha,MG,-25.1667,45.05,65.08,70,0,6.78,clear sky
577,Pacific Grove,US,36.6177,-121.9166,80.55,79,0,9.22,clear sky
578,Port Hardy,CA,50.6996,-127.4199,57.2,94,75,4.61,fog
579,Alvdal,NO,62.1077,10.6307,44.01,81,100,3.15,overcast clouds
580,Ukiah,US,39.1502,-123.2078,88.43,36,0,4.0,clear sky
581,Antofagasta,CL,-23.65,-70.4,58.28,83,36,6.93,scattered clouds
582,Tukrah,LY,32.5341,20.5791,80.55,63,93,7.31,overcast clouds
583,Sept-Iles,CA,50.2001,-66.3821,52.32,60,40,8.05,scattered clouds
584,Ios,GR,36.7333,25.2833,75.11,78,0,5.01,clear sky
585,Vestmanna,FO,62.1564,-7.1664,47.32,93,100,20.71,moderate rain
586,Broome,US,42.2506,-75.833,54.28,80,1,4.43,clear sky
587,Santo Antonio Do Ica,BR,-3.1022,-67.9397,79.38,73,77,2.86,broken clouds
588,Kita,ML,13.0349,-9.4895,75.4,81,99,2.46,light rain
589,Tezu,IN,27.9167,96.1667,74.89,72,50,2.73,scattered clouds
590,Katsuura,JP,35.1333,140.3,70.11,78,99,9.1,overcast clouds
591,Galle,LK,6.0367,80.217,79.23,83,98,12.3,overcast clouds
592,Nanakuli,US,21.3906,-158.1547,86.11,51,100,6.91,overcast clouds
593,Kargasok,RU,59.0556,80.8572,27.16,93,62,11.1,broken clouds
594,Saint-Augustin,CA,51.226,-58.6502,48.79,84,100,9.69,overcast clouds
595,Christchurch,NZ,-43.5333,172.6333,46.9,73,100,8.05,light rain
596,Sao Gabriel Da Cachoeira,BR,-0.1303,-67.0892,91.2,58,20,2.3,few clouds
597,Romodanovo,RU,54.4275,45.3296,53.85,89,99,3.44,overcast clouds
598,Pizarro,CO,4.9533,-77.366,77.49,88,86,6.93,light rain
599,Sisimiut,GL,66.9395,-53.6735,36.45,98,100,10.71,light rain
600,Juneau,US,58.3019,-134.4197,57.22,95,100,24.16,heavy intensity rain
601,Krasnaya Gora,RU,52.9995,31.6023,52.48,80,96,9.73,overcast clouds
602,Mae Sai,TH,20.4335,99.8762,72.01,93,98,3.06,overcast clouds
603,Carmen,MX,18.6333,-91.8333,80.65,70,36,17.45,scattered clouds
604,Xinxiang,CN,35.3089,113.8672,69.28,62,85,3.62,overcast clouds
605,Shitanjing,CN,39.2342,106.3439,62.17,45,26,6.04,scattered clouds
606,Islamkot,PK,24.6997,70.177,79.81,65,53,10.04,broken clouds
607,Talwara,IN,31.9486,75.8667,73.27,82,0,3.91,clear sky
608,Okato,NZ,-39.2,173.8833,58.68,94,100,6.06,overcast clouds
609,Tuburan,PH,6.6439,122.2736,77.09,74,96,4.12,moderate rain
610,Atar,MR,20.5169,-13.0499,90.39,28,14,11.74,few clouds
611,Tucuman,AR,-26.8241,-65.2226,62.6,67,20,4.61,few clouds
612,Ekibastuz,KZ,51.6667,75.3667,26.62,73,9,7.45,clear sky
613,Comodoro Rivadavia,AR,-45.8667,-67.5,69.66,24,0,18.41,clear sky
614,Saint Andrews,US,34.0454,-81.1293,67.59,54,100,16.11,overcast clouds
615,Guarapari,BR,-20.6667,-40.4975,70.9,94,99,10.42,overcast clouds
616,Biharamulo,TZ,-2.6319,31.3089,63.61,67,5,2.04,clear sky
617,Kavaratti,IN,10.5669,72.642,80.85,74,95,12.39,overcast clouds
618,Seoul,KR,37.5683,126.9778,60.24,97,100,2.3,fog
619,Khuzhir,RU,53.1939,107.3397,45.54,75,64,16.51,broken clouds
620,Lorengau,PG,-2.0226,147.2712,81.86,80,99,10.51,overcast clouds
621,Babylon,US,40.6957,-73.3257,64.42,63,0,5.75,clear sky
622,Balsa,RO,46.0333,23.1167,51.64,90,4,2.68,clear sky
623,Paysandu,UY,-32.3214,-58.0756,56.88,77,44,8.81,scattered clouds
624,Puteyets,RU,65.1716,57.091,27.43,73,8,6.98,clear sky
625,Ahuimanu,US,21.4447,-157.8378,85.86,62,40,7.0,scattered clouds
626,Alto Araguaia,BR,-17.3147,-53.2153,77.45,56,99,6.42,overcast clouds
627,Makakilo City,US,21.3469,-158.0858,84.69,57,100,6.91,overcast clouds
628,San Juan,AR,-31.5375,-68.5364,66.13,36,43,4.68,scattered clouds
629,Emerald,AU,-23.5333,148.1667,69.35,43,0,13.18,clear sky
630,Aktanysh,RU,55.7216,54.0829,40.28,89,100,11.16,overcast clouds
631,Severo-Kurilsk,RU,50.6789,156.125,48.45,76,62,27.78,broken clouds
632,Tessalit,ML,20.1986,1.0114,93.18,16,87,4.41,overcast clouds
633,Unjha,IN,23.8,72.4,77.52,71,34,6.22,scattered clouds
634,Caninde,BR,-4.3589,-39.3117,78.71,59,62,3.29,broken clouds
635,Tweed,CA,44.4751,-77.3162,54.59,47,0,2.04,clear sky
636,Rosarito,MX,32.3333,-117.0333,82.42,68,12,5.75,few clouds
637,Vung Tau,VN,10.346,107.0843,79.52,83,98,7.07,light rain
638,Kaili,ID,-3.4626,120.2147,71.92,77,81,2.68,broken clouds
639,Kuloy,RU,61.0305,42.4925,35.69,98,100,6.58,overcast clouds
640,Kabelvag,NO,68.2114,14.4817,44.62,75,48,5.82,scattered clouds
641,Ambovombe,MG,-25.1667,46.0833,65.46,64,0,5.3,clear sky
642,Conceicao Da Barra,BR,-18.5933,-39.7322,73.27,84,74,11.83,broken clouds
643,Maldonado,UY,-34.6667,-54.9167,53.22,87,100,6.89,overcast clouds
644,Liusha,CN,27.2098,108.59,66.07,81,37,0.56,scattered clouds
645,Palmas Bellas,PA,9.2319,-80.0867,81.34,80,49,0.18,scattered clouds
646,Sikar,IN,27.6167,75.15,77.5,55,2,5.28,clear sky
647,Saint-Remi,CA,45.2668,-73.6159,55.27,67,5,3.44,clear sky
648,Den Helder,NL,52.9599,4.7593,52.99,95,100,2.3,overcast clouds
649,Penzance,GB,50.1186,-5.5371,52.48,84,37,6.46,scattered clouds
650,Borogontsy,RU,62.6683,131.1683,25.83,84,88,7.4,overcast clouds
651,Broken Hill,AU,-31.95,141.4333,56.79,55,13,10.02,few clouds
652,Beni Mazar,EG,28.4962,30.8029,86.14,29,0,15.14,clear sky
653,Erkrath,DE,51.2167,6.9,49.62,86,0,2.3,clear sky
654,Dzaoudzi,YT,-12.7887,45.2699,71.49,88,0,0.0,clear sky
655,Bozeman,US,45.6796,-111.0386,74.17,34,20,20.71,few clouds
656,Kokstad,ZA,-30.5472,29.4241,58.8,92,65,3.87,light rain
657,Araouane,ML,18.9048,-3.5265,97.16,16,11,8.5,few clouds
658,Ploemeur,FR,47.7333,-3.4333,53.82,88,0,5.75,clear sky
659,Kurush,RU,41.2841,47.8345,42.93,59,5,0.49,clear sky
660,Bac Lieu,VN,9.285,105.7244,78.03,87,98,8.97,overcast clouds
661,Grimshaw,CA,56.1834,-117.6027,51.42,87,75,9.22,broken clouds
662,Mahanoro,MG,-19.9,48.8,61.84,85,2,4.5,clear sky
663,Kabinda,CD,-6.1333,24.4833,65.25,96,93,2.53,light rain
664,Kupang,ID,-10.1667,123.5833,80.8,74,33,2.84,scattered clouds
665,Cabedelo,BR,-6.9811,-34.8339,79.47,78,59,13.15,broken clouds
666,Sakakah,SA,29.9697,40.2064,80.17,34,0,8.43,clear sky
667,Bhim Tal,IN,29.35,79.5667,58.1,81,0,4.09,clear sky
668,Costa Rica,BR,-23.4167,-54.65,63.54,95,100,4.0,overcast clouds
669,Naantali,FI,60.4674,22.0243,45.07,100,100,4.61,overcast clouds
670,Naron,ES,43.5167,-8.1528,58.66,87,9,4.94,clear sky
671,Nosy Varika,MG,-20.5833,48.5333,61.48,87,5,4.59,clear sky
672,Sokolow Podlaski,PL,52.4068,22.2531,47.5,65,91,4.7,overcast clouds
673,Bud,US,39.447,-86.1758,66.85,60,0,6.51,clear sky
674,Durango,MX,24.8333,-104.8333,69.89,48,18,12.73,few clouds
675,Uchiza,PE,-8.4592,-76.4633,77.97,72,27,1.28,scattered clouds
676,Vardo,NO,70.3705,31.1107,44.58,70,12,6.91,few clouds
677,Ban Nahin,LA,18.2418,104.2122,74.19,99,100,2.64,overcast clouds
678,Rio Gallegos,AR,-51.6226,-69.2181,51.85,76,40,8.05,scattered clouds
679,Lac Du Bonnet,CA,50.2536,-96.0612,68.02,44,0,4.05,clear sky
680,Springbok,ZA,-29.6643,17.8865,48.61,64,24,3.94,few clouds
681,Mao,ES,39.8885,4.2658,66.76,72,20,3.44,few clouds
682,Yeppoon,AU,-23.1333,150.7333,67.78,41,0,7.7,clear sky
683,Show Low,US,34.2542,-110.0298,75.49,23,0,9.22,clear sky
684,Manta,EC,-0.95,-80.7333,74.98,69,40,11.5,scattered clouds
685,Tabas,IR,33.5959,56.9244,79.23,12,0,3.89,clear sky
686,Arlit,NE,18.7369,7.3853,93.07,24,7,12.77,clear sky
687,Sulangan,PH,11.1373,123.7228,80.83,73,100,5.41,moderate rain
688,Hami,CN,42.8,93.45,64.78,34,100,3.09,overcast clouds
689,Guerrero Negro,MX,27.9769,-114.0611,79.83,60,0,13.4,clear sky
690,Minna,NG,9.6139,6.5569,73.11,88,20,3.44,thunderstorm
691,Bealanana,MG,-14.55,48.7333,48.97,97,11,3.65,few clouds
692,Sumbe,AO,-11.2061,13.8437,73.36,87,82,5.23,broken clouds
693,Mama,RU,58.3106,112.8986,28.04,92,57,2.39,broken clouds
694,Havre-Saint-Pierre,CA,50.2334,-63.5986,48.56,81,100,20.71,overcast clouds
695,Dwarka,IN,22.2394,68.9678,79.57,71,29,7.23,scattered clouds
696,Nagato,JP,34.3833,131.2,71.35,77,0,1.28,clear sky
697,Rapid Valley,US,44.0625,-103.1463,89.6,22,71,10.0,broken clouds
698,Caracollo,PE,-14.9165,-70.6603,53.55,7,11,17.45,few clouds
699,Port-Gentil,GA,-0.7193,8.7815,75.16,88,20,3.44,few clouds
